{
  "accountType": "Current",
  "IBAN": "ABCDS",
  "accountBankName": {
    "bankId": "1234",
    "bankName": "bankName"
  },
  "accountBranchName": {
    "branchId": "1345",
    "branchName": "branchname",
    "bankName": {
      "bankId": "1234",
      "bankName": "bankName"
    },
    "branchAddress": {
      "houseNumber": "houseNumber",
      "addressLine1": "address",
      "addressLine2": "address",
      "landmark": "landmark",
      "pincode": "834001",
      "city": "Pune",
      "state": "Gujrat"
    },
    "branchType": "METRO"
  },
  "accountId": "1234",
  "balance": 500,
  "accountHolderName": "XYZ"
}